<?xml version="1.0" encoding="UTF-8"?>
<ti:module xmlns:ti="http://ti.appcelerator.org" xmlns:android="http://schemas.android.com/apk/res/android">
    <iphone>
    </iphone>
    <android xmlns:android="http://schemas.android.com/apk/res/android">
        <manifest>
            <uses-permission android:name="android.permission.ACCESS_WIFI_STATE"/>
            <uses-permission android:name="android.permission.INTERNET"/>
            <uses-permission android:name="android.permission.CHANGE_WIFI_MULTICAST_STATE"/>
        </manifest>
    </android>
</ti:module>